mode,project,run,started_at,finished_at,total_seconds,queue_seconds,provisioning_seconds,checkout_seconds,cache_restore_seconds,build_seconds,cleanup_seconds,other_seconds,cache_hit,timing_complete,success
baseline,netci-benchmark,1,1789526505.2055717,1789526598.1966882,92.99111200900006,0.432,0.0,18.74,0.694,60.317,1.384,0.639,False,True,True
ephemeral,netci-benchmark,1,1789526598.19678,1789526695.4819748,97.2851895040003,0.464,0.34,15.068,0.71,67.12,1.423,0.601,False,True,True
isolated,netci-benchmark,1,1789526695.4821665,1789526725.730105,30.24793478799984,3.915,3.781,10.731,0.721,2.081,2.502,0.491,True,True,True
baseline,netci-benchmark,2,1789526725.730183,1789526732.994045,7.263859140000022,0.368,0.0,1.118,0.632,1.69,0.236,0.492,True,True,True
ephemeral,netci-benchmark,2,1789526732.9941273,1789526819.069681,86.07555074899938,0.451,0.324,17.034,0.728,55.498,1.157,0.417,False,True,True
isolated,netci-benchmark,2,1789526819.0697606,1789526842.44148,23.371716011999524,3.716,3.592,7.353,0.916,1.692,2.433,0.456,True,True,True
baseline,netci-benchmark,3,1789526842.4415627,1789526849.7336025,7.292036725999424,0.386,0.0,0.803,0.625,1.439,0.28,0.428,True,True,True
ephemeral,netci-benchmark,3,1789526849.733676,1789526935.8052547,86.071576155,0.461,0.339,17.648,0.636,55.655,1.216,0.454,False,True,True
isolated,netci-benchmark,3,1789526935.8053372,1789526958.17387,22.3685301430005,4.825,4.69,6.932,0.648,1.671,2.302,0.437,True,True,True
baseline,netci-benchmark,4,1789526958.173951,1789526965.490237,7.3162823800003025,0.381,0.0,0.975,0.65,1.418,0.244,0.503,True,True,True
ephemeral,netci-benchmark,4,1789526965.4903188,1789527049.4053433,83.91502073399988,0.487,0.353,15.253,0.625,55.457,0.793,0.427,False,True,True
isolated,netci-benchmark,4,1789527049.405429,1789527072.7551894,23.349757427999975,3.71,3.588,7.434,0.652,1.766,2.209,0.428,True,True,True
baseline,netci-benchmark,5,1789527072.755266,1789527077.9266045,5.171335568000359,0.373,0.0,0.742,0.653,1.373,0.235,0.391,True,True,True
ephemeral,netci-benchmark,5,1789527077.9266794,1789527163.923456,85.99677322499974,0.46,0.337,17.349,0.631,55.492,1.06,0.514,False,True,True
isolated,netci-benchmark,5,1789527163.9235315,1789527186.251702,22.328167909999138,2.622,2.495,7.319,0.875,1.731,2.689,0.408,True,True,True
